"0","keto.bls <- merge(keto.bls,sg, by = c(""file_name""),all.x = TRUE, all.y = TRUE) %>%
"
"2","Warnmeldungen:
"
"2","1: "
"2","In readChar(file, size, TRUE) :"
"2"," truncating string with embedded nuls
"
"2","2: "
"2","In readChar(file, size, TRUE) :"
"2"," truncating string with embedded nuls
"
"2","3: "
"2","In readChar(file, size, TRUE) :"
"2"," truncating string with embedded nuls
"
"2","4: "
"2","In readChar(file, size, TRUE) :"
"2"," truncating string with embedded nuls
"
"2","5: "
"2","In readChar(file, size, TRUE) :"
"2"," truncating string with embedded nuls
"
"2","6: "
"2","In readChar(file, size, TRUE) :"
"2"," truncating string with embedded nuls
"
"2","7: "
"2","In readChar(file, size, TRUE) :"
"2"," truncating string with embedded nuls
"
"2","8: "
"2","In readChar(file, size, TRUE) :"
"2"," truncating string with embedded nuls
"
"2","9: "
"2","In readChar(file, size, TRUE) :"
"2"," truncating string with embedded nuls
"
"0","  dplyr::select(everything(),-starts_with('item'),-c('file_name','Phenotype'))"
"2","Fehler: kann Vektor der Größe 32.8 MB nicht allozieren
"
