"0","nut.maaslin <- read_tsv('../notebooks/L6.nutrients_maaslin/significant_results.tsv')"
"2","Parsed with column specification:
cols(
  metadata = [31mcol_character()[39m,
  feature = [31mcol_character()[39m,
  value = [31mcol_character()[39m,
  coef = [32mcol_double()[39m,
  stderr = [32mcol_double()[39m,
  N = [32mcol_double()[39m,
  N.not.0 = [32mcol_double()[39m,
  pval = [32mcol_double()[39m,
  qval = [32mcol_double()[39m
)
"
"0","nutclust.maaslin <- read_tsv('../notebooks/L6.nutclust_maaslin/significant_results.tsv')"
"2","Parsed with column specification:
cols(
  metadata = [31mcol_character()[39m,
  feature = [31mcol_character()[39m,
  value = [31mcol_character()[39m,
  coef = [32mcol_double()[39m,
  stderr = [32mcol_double()[39m,
  N = [32mcol_double()[39m,
  N.not.0 = [32mcol_double()[39m,
  pval = [32mcol_double()[39m,
  qval = [32mcol_double()[39m
)
"
"0","convclust.maaslin <- read_tsv('../notebooks/L6.consclust_maaslin/significant_results.tsv')"
"2","Parsed with column specification:
cols(
  metadata = [31mcol_character()[39m,
  feature = [31mcol_character()[39m,
  value = [31mcol_character()[39m,
  coef = [32mcol_double()[39m,
  stderr = [32mcol_double()[39m,
  N = [32mcol_double()[39m,
  N.not.0 = [32mcol_double()[39m,
  pval = [32mcol_double()[39m,
  qval = [32mcol_double()[39m
)
"
